region	developer	project	priority
Geelong	Cedar Woods	Somerley, Corio — approximately 400 homes	High
Geelong	Development Victoria	Silverbrook, Mount Duneed — approximately 400 homes	High
Geelong	Bisinella Developments	Six estates under development/planning; 400+ lots planned	High
Geelong	Riverlee	Northern Geelong Growth Area landowner consortium	High
Geelong	Bamfa Properties	Northern Geelong Growth Area consortium	High
Geelong	Costa Asset Management	Northern Geelong growth land and Cunningham Pier	High
Geelong	Sunrise Ventures	Northern Geelong Growth Area consortium	High
Geelong	GURNER	Cunningham Pier redevelopment with Costa	High
Geelong	Monno	$130 million Stella Maris, Rippleside	Medium–High
Geelong	Tripleton	Geelong residential and commercial developments	Medium
Geelong	Arc Living	Geelong townhouse developments	Medium
Bendigo	Development Victoria	Flora Hill — approximately 170 homes through 2030	High
Bendigo	Birchgrove Property	Bendigo-based regional residential estate developer	High
Bendigo	Development Edge	Active across Greater Bendigo, Goulburn Valley and Echuca	High
Bendigo	Villawood Properties	Bendigo-founded greenfield developer with an extensive pipeline	High
Ballarat	Gull & Company	Avenue Hill and other Ballarat/Western District projects	High
Ballarat	Integra Group	Important Ballarat land-development prospect requiring current-project verification	Pending
Shepparton	Goldfields	Parkers Grove — approved $205 million, 641-home community	Very high
Shepparton	Development Edge	Leading Goulburn Valley residential land developer	Very high
Shepparton	North Quarter	Premium North Shepparton estate; ownership entity being investigated	Pending
Kilmore	Jinding	Broadstead Kilmore — currently selling	Very high
Kilmore	Montana Estate	Active Kilmore land estate; ownership entity being traced	Pending
Beveridge	Newland Developers	Mandalay — approximately 2,050-lot community	Very high
Beveridge	Nexus Developments	Delivered The Clan Estate; useful for future acquisitions, although this project is completed	Medium
Beveridge	Ooranya	Major operating Beveridge estate; developer entity being verified	Pending
Moe	Private landowners/developers		
